<keymap version="1" name="KDE copy" parent="Default for KDE">
  <action id="CloseProject">
    <keyboard-shortcut first-keystroke="shift ctrl alt minus" />
  </action>
  <action id="CollapseBlock" />
  <action id="ExternalSystem.ProjectRefreshAction" />
  <action id="GotoFile" />
  <action id="JumpToLastChange">
    <keyboard-shortcut first-keystroke="shift ctrl back_space" />
    <keyboard-shortcut first-keystroke="ctrl t" />
  </action>
  <action id="ManageRecentProjects">
    <keyboard-shortcut first-keystroke="shift ctrl alt comma" />
  </action>
  <action id="NewProject">
    <keyboard-shortcut first-keystroke="shift ctrl n" />
  </action>
  <action id="OpenFile">
    <keyboard-shortcut first-keystroke="shift ctrl o" />
  </action>
  <action id="Scala.ShowImplicits">
    <keyboard-shortcut first-keystroke="shift ctrl alt equals" />
    <keyboard-shortcut first-keystroke="shift ctrl alt add" />
  </action>
  <action id="UpdateRunningApplication" />
  <action id="Vcs.UpdateProject" />
  <action id="android.deploy.ApplyChanges">
    <keyboard-shortcut first-keystroke="ctrl f10" />
  </action>
  <action id="android.deploy.CodeSwap">
    <keyboard-shortcut first-keystroke="ctrl alt f10" />
  </action>
</keymap>